VPNCode;group_nr;All_Prompts;Prompt_Count;Average_Word_Count;First_Prompt_Word_Count;Total_Word_Count
ABO2606;1;Ich benötige Unterstützung bei der Entwicklung eines Konzepts eine denkwürdige eintägige Veranstaltung für Führungskräfte, um die digitale Transformation zu diskutieren. Die Zielsetzung ist 1.) Erstellen Sie eine Veranstaltung, die sowohl informativ als auch unterhaltsam ist, bei der Führungskräfte etwas über die digitale Transformation erfahren und sich miteinander austauschen können. 2.) Die Teilnehmenden sollen inspiriert und darüber informiert werden, wie die neue Technologie der generativen KI ihr Geschäftsmodell beeinflusst. Folgende Fragen können bei der Konzeption helfen: 1.) Wer ist das Zielpublikum? 2.) Welche Themen wären für die Führungskräfte am relevantesten und interessantesten? 3.) Welche Art von Erfahrung sollen die Führungskräfte machen? || Welche neuen Erkenntnisse können die Führungskräfte auf dieser Veranstaltung erlangen? || Wie könnte ein Zeitplan für diese Veranstaltung aussehen?;3;39.33333333;100;118
APE2704;3;\nHilf mir diese Aufgabe zu lösen:\n\n\nEs ist Freitagnachmittag, die Vorgesetzte Ihres Chefs kommt auf Sie zu und fragt Sie, ob sie spontan für ein Vorstandsmeeting aushelfen können.\n\nEntwickeln Sie eine umfassende, einwöchige Kommunikationsstrategie zur Einführung von Nachhaltigkeit als Kernwert im gesamten Unternehmen.\n\nDie Aufgabe soll in Form eines schriftlichen One-Pagers gelöst werden.\n\n\n\nZielsetzung\nDas Engagement des Unternehmens für Nachhaltigkeit gegenüber allen Mitarbeitenden, Stakeholdern und der Öffentlichkeit soll klar zum Ausdruck bringen.\nDie Strategie soll zu einem tieferen Verständnisses von Nachhaltigkeit und ihrer Bedeutung bei den Mitarbeitern beitragen.\nDie Umsetzung der Nachhaltigkeitsprinzipien soll in konkrete Maßnahmen und Initiativen in allen Abteilungen und Betrieben umgesetzt werden können.\nDie folgenden Fragen können helfen:\nWelche Ziele werden mit der Strategie verfolgt?\nWer ist das Zielpublikum?\nWelche Themen wären für die Mitarbeitenden am relevantesten und interessantesten?\nWelche Art von Erfahrung sollen die Mitarbeitenden machen? || Gib mir noch mehr Ideen || Kommunikationsstrategie zur Implementierung von Nachhaltigkeit\n\nZielsetzung\n\nUnternehmensweites Bewusstsein für die Bedeutung und den Wert von Nachhaltigkeit schaffen.\nAkzeptanz und Engagement für nachhaltiges Handeln in allen Abteilungen fördern.\nDie Umsetzung von nachhaltigen Praktiken und Prinzipien in täglichen Geschäftsprozessen erleichtern.\nZielpublikum\n\nPrimär alle Mitarbeiter, zu Sekundäraudienz gehören Stakeholder (Partner, Investoren, Kunden) und die breite Öffentlichkeit. || Wie kann ich diesen Plan verbessern:\n\nKommunikationsstrategie zur Implementierung von Nachhaltigkeit\n\nZielsetzung\n\nUnternehmensweites Bewusstsein für die Bedeutung und den Wert von Nachhaltigkeit schaffen.\nAkzeptanz und Engagement für nachhaltiges Handeln in allen Abteilungen fördern.\nDie Umsetzung von nachhaltigen Praktiken und Prinzipien in täglichen Geschäftsprozessen erleichtern.\nZielpublikum\n\nPrimär alle Mitarbeiter, zu Sekundäraudienz gehören Stakeholder (Partner, Investoren, Kunden) und die breite Öffentlichkeit.\n\nRelevante Themen\n\nWirkung unserer Geschäftstätigkeiten auf Umwelt und Gesellschaft und Vorteile nachhaltiger Praktiken.\nBeispiele für erfolgreiche nachhaltige Initiativen aus der Industrie.\nWege zur Integration von Nachhaltigkeit in die täglichen Aufgaben und Abläufe der einzelnen Abteilungen.\nArt der Erfahrung\n\n\nRelevante Themen\n\nWirkung unserer Geschäftstätigkeiten auf Umwelt und Gesellschaft und Vorteile nachhaltiger Praktiken.\nBeispiele für erfolgreiche nachhaltige Initiativen aus der Industrie.\nWege zur Integration von Nachhaltigkeit in die täglichen Aufgaben und Abläufe der einzelnen Abteilungen.\nArt der Erfahrung\n\nInteraktive und partizipative Aktivitäten planen, die eine direkte Beteiligung, ein tieferes Lernen und eine nachhaltige Bewusstseinsbildung ermöglichen, darunter Workshops, Präsentationen, Gruppendiskussionen und Simulationsübungen.\n\nKommunikationsplan\n\nMontag: Einführung der Nachhaltigkeitswoche durch die Geschäftsführung mit klarem Ziel und Fokus, verbreitet durch E-Mail, firmeninternes Social Media und Aushänge.\n\nDienstag: Themenspezifische Präsentationen und Workshops in den einzelnen Abteilungen, um spezifische Maßnahmen zu besprechen und vorzustellen.\n\nMittwoch: Ein Webinar mit einem Experten für Nachhaltigkeit, um die Vorteile und die Bedeutung der Nachhaltigkeit in der heutigen Geschäftswelt zu unterstreichen.\n\nDonnerstag: Bereitstellung von Ressourcen und Materialien für die Eigenerkundung der Mitarbeiter. Einrichtung eines „grünen“ Forums für die Diskussion und den Austausch von Ideen.\n\nFreitag: Abschlussveranstaltung mit Rückblick und Ausblick. Ankündigung eines Wettbewerbs für das beste nachhaltige Projekt oder die beste Idee.\n\nDie Kommunikation zur Nachhaltigkeitswoche und zu den daraus resultierenden Initiativen wird durch regelmäßige Updates auf der Unternehmenswebsite und den sozialen Medien sichergestellt.\n\n;4;108.75;128;435
SSG0102;3;Wie wichtig ist Nachhaltigkeit heute || wie kann Nachhaltigkeit den Mitarbeitern helfen || nenne mir 5 punkt weshalb eine Frima nicht nachhaltig produzieren sollte || erklär mir in 5 sätzen warum Patagonia nun voll auf Nachahaltigkeit setzt || War die Änderung des Businessmodels von Patagonia ein erfolg nenn mir 3 gründe warum ja und 3 warum nein || nenn mir andere Firmen die die gleiche Entscheidung getrofffen haben wie Patagonia || welche von diesen 5 Firmen erreichte die beste Nachhaltigkeits kurve und wieso hat sie das erreicht;7;11.57142857;5;81
ECH2807;4;"Hey ChatGPT, du bist ein Marketing-Genie, das kreative Ideen bringt, um unternehmensweite Strategien umzusetzen. Wenn ich dich nach Ideen frage, hältst du dich kurz, lieferst aber mehrere Antworten. Deine Ideen sind nah an den Menschen und kommen bei einem breiten Spektrum von Leuten gut an. Wenn ich Ideen habe, prüfst du sie sorgfältig und kritisierst, wo nötig. || Ich erstelle momentan eine einwöchige Kommunikationsstrategie zur Einführung von Nachhaltigkeit als Kernwert im gesamten Unternehmen. Diese Strategie soll bei den Leuten gut ankommen und sowohl intern, als auch extern klar unsere Werte kommunizieren. Sie soll auch dazu anleiten, nachhaltiges Engagement in allen Aspekten des Unternehmens zu fördern. || Mir gefällt die Idee der Green Challenge sehr. Hier sind meine Gedanken dazu: -> Abteilungsinterne Massnahmen und Challenges entwickeln - einen Preis für die effektivste Einsparung pro Abteilung. Diese Ideen sollen ausgestellt / präsentiert werden. Bspw. ""In der Logistik hatte Team XYZ folgende Idee.""\n\nBitte formuliere aus, wie das den Mitarbeitern kommuniziert werden könnte. Schreibe dazu keine Mail oder ähnlich, sondern formuliere einen Plan. Am Montagabend geht diese Information raus, am Donnerstagabend ist Einsendeschluss und am Freitagabend ist die Preisverleihung. Wichtig ist, dass in jeder Abteilung bis Donnerstagabend mindestens 2 Arbeitsstunden gesprochen werden, damit die Teams daran arbeiten können || Erzähle mir bitte mehr zum ""nachhaltigen Produkt Showcase"" und liefere kreative, ungebundene Ideen, wie man das an die Öffentlichkeit bringen könnte.";4;55.75;57;223
AST1210;3;Hallo, kannst du mir ein Kommunikationskonzept erstellen, wie wir Nachhaltigkeit als Kernwert unseres Unternehmens einführen und diese Einführung mit Mitarbeitern, der Öffentlichkeit und den Investoren teilen wollen? || Kannst du dieses Konzept welches du gerade erstellt hast, in eine einwöchige Roadmap miteinbeziehen?;2;20.5;27;41
IHE1103;2;Hilf mir bei folgender Aufgabe - du wirst von der Vorgesetzten deines Chefs gebeten bei dem nächsten Vorstandsmeeting auszuhelfen. Entwickle ein Konzept, eine denkwürdige eintägige Veranstaltung für Führungskräfte um digitale Transformation zu diskutieren.\nSei dabei bitte konkret und fasse dich informativ. Die Führungskräfte sollen unterhalten werden aber auch etwas über Tranfsformation lernen können. || Was ist dabei das Zielpublikum || Welche Themen wären für die Führungskräfte am relevantesten und interessantesten?;3;22.33333333;52;67
OME0709;4;Hilfe mir beim organisieren einer umfassende, einwöchige Kommunikationsstrategie zur Einführung von Nachhaltigkeit als Kernwert im gesamten Unternehmen. || Welche Ziele werden mit der Strategie verfolgt? || Wer ist das Zielpublikum?\n || Welche Themen wären für die Mitarbeitenden am relevantesten und interessantesten?;4;9.5;17;38
NBA0408;2;Du bist ein Mitarbeiter in einem Unternehmen und musst eine neue Kommunikationsstrategie vorschlagen. Diese soll sich massgeblich auf die Nachhaltigkeit als zentraler neuer Wert beziehen. Fasse zunächst in 3 Sätzen die Kommunikationsstrategie zusammen und stelle mögliche Ziele in Aussicht. Führe danach 6 konkrete Vorschläge auf, welche sich auf die Investoren, mitabreiter, kunden beziehen das Ziel der Massnahmen muss die Förderung von Nachhaltigkeit im Bezug mit dem Unternehmen sein. Gebe die Antworten in einer angemessenen Businness Sprache zurück und fasse dich in den formulierungen kurz. Formuliere anschliessend noch in einem Text aus maximal 2 Sätzen das Potential einer geglückten neuen Kommunikationstrategie. Führe danach mittels 4 Stichpunkte die grössten Risiken auf, welche die erfolgreiche Umsetzung der Kommunikationsstrategie verhindern können.  ;1;117;117;117
AOD2103;1;Hilfe mir, eine kurze aber informative eintägige Veranstaltung für die Führungskräfte im Unternehmen über die digitale Transformation zu machen. Punkte sind:\nWer ist das Zielpublikum?\nWelche Themen wären für die Führungskräfte am relevantesten und interessantesten?\nWelche Art von Erfahrung sollen die Führungskräfte machen? || Mache den Text kürzer und halte folgende Ziele ein: Zielsetzung:\n1) Erstellen Sie eine Veranstaltung, die sowohl informativ als auch unterhaltsam ist, bei der Führungskräfte etwas über die digitale Transformation erfahren und sich miteinander austauschen können.\n2) Die Teilnehmenden sollen inspiriert und darüber informiert werden, wie die neue Technologie der generativen KI ihr Geschäftsmodell beeinflusst. || kannst du trotzdem auf die fragen eingehen:Zielsetzung:\nErstellen Sie eine Veranstaltung, die sowohl informativ als auch unterhaltsam ist, bei der Führungskräfte etwas über die digitale Transformation erfahren und sich miteinander austauschen können.\nDie Teilnehmenden sollen inspiriert und darüber informiert werden, wie die neue Technologie der generativen KI ihr Geschäftsmodell beeinflusst.\nWer ist das Zielpublikum?\nWelche Themen wären für die Führungskräfte am relevantesten und interessantesten?\nWelche Art von Erfahrung sollen die Führungskräfte machen? -mach es bitte kreativ || mach die veranstltung kreativer und lustiger;4;42.5;40;170
IME0910;4;Du bist ein expert in a consulting firma und ud musst ein einwöchige Kommunikationsstrategie zur Einführung von Nachhaltigkeit als Kernwert im gesamten Unternehmen. Die Aufgabe sollte in Form eines schriftlichen One-Pagers gelöst werden. || as an expert bitte hat as ziell Die Umsetzung der Nachhaltigkeitsprinzipien soll in konkrete Maßnahmen und Initiativen in allen Abteilungen und Betrieben umgesetzt werden können.;2;29;33;58
VBA1706;4;"I need to develop a comprehensive week-long program about sustainability to demonstrate its core value across the company to the employees and all the stakeholders. My boss's boss asked me to do so it must be precise, detailed and apllicable to a company situation. Develop core values and daily activities to involve the entirity of the stakeholders || now write me the same but translated in German || Translate all the following text into german\n\nProgram Title: Sustainability Week: Prioritizing Sustainable Practices for a Greener Future\n\nCore Values:\n\nValue Creation: We aim to provide valuable contributions to the company by creating innovative, sustainable solutions.\nIntegrity: We pledge to operate our business honestly and ethically, promoting sustainability in all our actions.\nRespect: We respect our environment and are dedicated to mitigating our impacts to promote a healthier planet.\nRisk Management: We will actively work to identify, manage, and reduce environmental risks associated with our operations.\nCollaboration: We believe in the power of collective effort and encourage all employees and stakeholders to participate in our sustainability initiatives.\nDay 1 - Introduction to Sustainability & Its Importance in Business\n\nExpert Talk: Inviting subject matter experts to talk about sustainability and its impact on businesses.\nSustainability Quiz: A fun and interactive online quiz which will provide basic understanding of sustainability, carbon footprints, and climate change.\nDay 2 - Energy Conservation\n\nEnergy Audit Activities: Arrange an energy assessment to identify how energy is used in the company and where it's wasted.\nWebinar: Importance of Energy Conservation & Ways to Conserve Energy at Work.\nDay 3 - Waste Management and Reduction\n\nWaste Audit: Evaluate waste production in different areas of the company and brainstorm ways to reduce it.\nWorkshop: Waste Segregation and Recycling - Train employees about the importance of waste segregation and recycling.\nDay 4 - Water Conservation\n\nWater footprint calculator: Introduce an online tool to have employees calculate their water footprints and suggest ways to reduce it.\nBest Practices in Office: Discuss strategies for conserving water.\nDay 5 - Sustainable Transport\n\n""Bike to Work"" day: Encourage employees to use more sustainable modes of transportation.\nWebinar: Benefits and Insights on Sustainable Transportation.\nDay 6 - Sustainable Procurement Policies\n\nExplaining the concept of sustainable procurement and the use of sustainable suppliers.\nRound-table discussion: Explore ways to embrace ethical procurement practices.\nDay 7 - Building a Sustainable Workplace Culture\n\nEmployee Pledge: Ask employees to pledge for incorporating sustainable practices in their daily life.\nCelebration: Celebrate the successful completion of the initiative  Award most engaged participants.\nGiveaways: At the end of the week, provide eco-friendly giveaways such as reusable water bottles, cloth bags, or saplings to promote sustainability.\n\nThis week-long program encourages employees and stakeholders to actively participate in sustainable practices, thus ingraining the values of corporate environmental responsibility and sustainability deeper into the company culture.\n\n\n";3;145.3333333;57;436
AFU0708;2;Inwiefern koennen Fuehrungskraefte die digitale Transformation foerdern? || Schreibe in kurzen, logischen und konsequenten Sätzen, welche Bedeutung KI in Unternehmung heutzutage und in Zukunft hat, gehe hierbei besonders auf die Chancen und Gefahren ein als auch die Bedeutung fuer Fuehrungskraefte und Konsequenzen der Implementierung kuenstlicher Intelligenz fuer diese.;2;23.5;7;47
USG0407;5;erstellen des Konzept einer eintägigen Veranstaltung für Führungskräfte um digitale Transformation zu diskutieren || Konzept finalisieren und endgültig erstellen;2;9;13;18
